Temperature,Vibration,Pressure
76.47735403026154,0.49961129471567606,33.71827472828054
69.70329316474376,0.5184584913067939,30.847051914003092
67.71467981475686,0.44654462882215656,30.019076530197555
76.31322673317167,0.636027834008129,33.06056700765002
68.63743153063265,0.38372061259911205,28.2453738914832
77.85563349588746,0.46092886257066146,28.954780829422766
73.1295010507897,0.4675748487616441,29.194462745097997
77.96482895615306,0.5966985996130959,31.59430391027301
73.59391804463576,0.5923565894770985,29.029333853972403
79.85687863158164,0.38153407992850136,30.514399876691968
73.95893296488542,0.5598886739041246,34.521619664331375
74.05098496409141,0.6622758651401325,27.800469932605708
60.6712421660186,0.5159329722923474,30.5670653530671
80.15710330771266,0.6564490339485317,30.39814590567539
67.3941249901838,0.7331405137536217,30.1229773629453
70.32141210184795,0.5538631186679086,29.901312309680577
79.27834370923227,0.45017604006343287,27.982569232147895
68.4005113753791,0.4883687460246074,31.301978460386536
79.4707102473604,0.5842926910270781,32.374031356262485
79.01730955114081,0.5650426794954739,28.35966630086855
67.25318945134202,0.5591474050804067,28.27113291088058
73.04978252397375,0.517375497333923,33.872479764770155
69.93757442367607,0.3271724986840876,28.61901476452872
71.49170483109357,0.5296443098127124,28.524978291878202
71.7532432535921,0.34712297036111184,27.891385220698428
77.1978937566045,0.46679176276008566,29.72440157095078
85.25777438453223,0.5326048803113773,30.058703516589645
74.52284165995763,0.4326173094124603,31.32976473076452
75.60872281858074,0.6337088930541145,25.910659648277033
68.32371938721407,0.7341565043147211,29.660797683625127
70.90997674637987,0.5016232479053935,29.08506606622848
73.23344247895555,0.3030890516457885,31.220634686501924
80.345071198216,0.5061810758280428,30.95591466119328
80.08322656700733,0.567459837066536,30.209129031182307
70.06530355895434,0.6541074691477937,30.548729723340298
77.0881291720443,0.5393631503318427,29.035119614040866
77.5983954402584,0.48951985995480574,33.18526005096165
70.37095980954457,0.44075116262817554,26.687624557292196
78.68332328343408,0.5229922464658034,30.14360729642433
79.12835064207866,0.6330688524184406,29.86993360993762
82.03709236323705,0.39778082222555605,29.026952985188704
79.74776149946568,0.48746622843263054,28.44338158826842
79.14688948199355,0.5951214064835862,29.937456151866332
73.50983341931838,0.5871243097661398,33.55033745237798
83.78162921174736,0.471261344066663,34.000888366597124
81.39286192417629,0.5617314035627102,29.357738349142107
70.47377255475685,0.42488081430570346,28.761735485822122
71.79181425427072,0.4718978999494393,32.03525009057251
74.96293233865421,0.6052425631472645,27.48100000734823
74.59139387232645,0.5175464765437583,32.868386836903
71.9786248970089,0.46096753721305017,31.50678145351276
73.38357046118313,0.5798736178545041,26.762964880807683
72.42541751511256,0.5950158277682723,29.52600032419404
72.31119959991548,0.48113717214767515,32.394027601608876
75.0853708987479,0.5858347990614605,29.546056210394696
73.04783813953999,0.49064541605163353,31.937818688485823
76.56235453499559,0.595870972532279,28.732029184671624
76.44240665022349,0.5619678152152061,30.23800844772961
74.78155447044138,0.4641255737721922,25.831890241555328
76.69860842278021,0.4807941133409407,26.24927667062039
71.51017152645296,0.3943781579855671,32.12205934363296
80.67687707744508,0.4582167873100827,29.20350548673219
71.55142918694841,0.56334417751478,30.98915273113049
71.68132708483964,0.6535142247498162,29.616195057399143
76.979816881215,0.46614584189120656,29.176460867062804
68.12521663130995,0.5157192986127064,30.95744522670936
85.51911763592818,0.5034471370302114,32.38441431794093
73.83262139945221,0.4939810701707241,25.682034433766425
64.93798614683453,0.4672174906640675,28.010998729514945
73.74555650191107,0.6562871337835167,26.01470487884709
79.46310494781576,0.4616638925054731,29.477278866322848
74.47560310919518,0.4972125727698849,29.216830473483913
71.48242338535492,0.5401716816716695,30.349907082972315
81.86322836407618,0.3975552566621645,28.528144773441866
80.33791536832942,0.4072801659080857,27.05333927810195
71.4778768422064,0.6157458772584957,27.88921971841717
78.2489156013294,0.5021338644212497,32.26750788980184
82.87838200213479,0.6778939262167128,38.013865628318534
77.9052789297527,0.5879282789850303,31.170955532940674
70.93646757513667,0.41654356469920734,28.467348654653364
76.85678369828969,0.4106363277436946,29.98014305241004
70.9089963519346,0.5920968595732344,29.219114857911475
73.76186529048542,0.5104897264997184,28.076803424992917
71.59655588817691,0.572956427287633,30.80138689518777
75.12307048932962,0.43632857990758134,23.94679479280538
75.96212437860568,0.5205021529662074,29.68172783649008
75.16280914666643,0.5783732321886594,33.61053952852644
83.14702522240108,0.47732540687009506,33.974536743769214
71.89158007325175,0.5363314031086174,30.687324762507874
82.44736843621342,0.6050200874058835,29.54137036027815
72.21657391978711,0.5271077108716621,29.275853728444744
74.77547608977888,0.26773964900778346,27.006607970439443
74.61093502629507,0.6306851269249657,30.169217777721343
82.48569264772662,0.41989980014648254,31.131833033313896
75.26130593230113,0.4978720865484574,27.09265410004093
70.10585060466943,0.4920010494596821,29.938570074822582
75.29081991399707,0.5060664292519234,28.317811499499676
74.50922440940268,0.48206635906111106,31.178957961573424
82.42025893015764,0.4854442248241479,32.867443196645134
83.70040263458598,0.5270575537584768,30.782818318848616
72.38556488568292,0.5420151781874704,30.316201693922917
70.6531064065968,0.37559227214283103,30.372152724858452
76.04147185125544,0.7107375623494986,32.5178053268137
68.66942804913619,0.4639124063815463,32.44581130534428
78.80180442517778,0.41189977113971865,32.78189352756774
67.42341546670636,0.5602324542976226,28.134300746242836
75.38666747147681,0.5115628700413074,31.355424867766402
78.1343007310726,0.47779101857151485,30.669620562787358
76.95252338976188,0.3280842252869369,29.269431140834573
72.63525866776125,0.5045862782399179,27.392144644402002
75.15358119513506,0.6046672648261093,30.3527445149454
70.09472085350656,0.4615782879617283,30.63162211594151
73.79013249382866,0.5528748986478329,27.803790412284062
79.58524718711736,0.5473657564022875,30.654502543724124
83.49372833886997,0.423467907846643,30.746969231888528
71.4025168462955,0.3624037964005068,32.28053526250914
86.04485810090094,0.7122623181360023,29.655293091795915
71.10257626877102,0.47072766603159644,28.15604431874305
78.41197151542367,0.49856642725388917,34.43697705620782
79.61816093413981,0.369763566241223,29.293896008871666
63.79403667784731,0.535136677470061,31.143358666930375
73.4963325832394,0.4080485355707744,33.607645694208706
71.39716094348937,0.5242996158417782,28.23490968849093
75.73426379104069,0.5809621579370318,28.73714621258151
75.93738786879833,0.47389308639127803,33.33078877488275
71.80325703200202,0.6441905201716992,27.997749390622207
76.52592702655132,0.47877798490900203,29.88944514797771
69.81490205833988,0.5067823394741936,30.19757626249037
76.27067954718156,0.4257179765325733,31.08725119858435
76.37899833245947,0.45421552745622756,34.254538666069216
81.59305831133697,0.50346528272281,31.367794730475573
81.20042601728181,0.3322826302458242,30.365796667532553
69.75459221002131,0.48235739957500007,31.004100397191806
71.83229760817196,0.5168616889589314,31.59087225433301
74.36735842998277,0.529830742434836,29.62067033790404
79.26810176521958,0.4723249381119368,26.532037912994397
75.2586674547278,0.700133192517705,26.882843109387085
71.77664896121873,0.4941148958711868,28.393808054472288
73.01779656040736,0.4412447766239942,27.0761904762208
66.50128779163887,0.4436500235064021,28.250909023263507
73.02708884372242,0.4477271514537051,30.075665325865522
74.80558731067993,0.48794021772839624,34.95381934407967
75.29117781663398,0.4239283415731041,29.412135876158487
76.56469820049837,0.6013905076707272,30.10367037424289
74.00255329890969,0.44973080412531025,30.24176704084698
76.84616260208874,0.5807884448305962,27.252371650555222
78.70071943800474,0.6102202573894945,29.926634856332115
76.1139725212461,0.5604220522609327,28.495978463129585
73.87393528926921,0.607962202062528,29.729230660584026
81.08991794810491,0.2694377368811422,28.79333698574303
67.96802004318577,0.5167316105971775,29.715900414870973
65.12641757971753,0.593473989467794,32.03938707770444
78.22472903603534,0.5129311737873916,31.090456790464682
72.55618259681528,0.280899870907442,28.78975811984015
76.68167417349432,0.40822819642104724,27.995923747163882
75.8125265035074,0.43085031552682546,30.784186460789
73.51688920197263,0.46899582338889695,31.8983229108658
70.39805290190957,0.5324154670325504,30.427015750638837
67.23241389376085,0.558395085526642,30.641874969366597
74.89879979590549,0.4555903245173057,33.494451087861215
78.58455544766119,0.5861683312863504,29.139372552241085
66.58081944583172,0.5013319429813885,29.253431802953013
70.90802192689543,0.4827180050339828,28.595816275242573
68.84704227074633,0.6276311250309972,31.19449569651627
82.20448209282505,0.3367869227282351,28.19445061121526
76.72190211383861,0.546225178189897,29.424316449754137
75.20227158538611,0.6155382674702173,31.23052775994566
62.41984998344452,0.6214520741393808,33.09348846826999
82.5294431434236,0.5050995031474592,30.205536289904835
76.16077153707961,0.5613043293418545,28.891827015257967
78.36363255958454,0.5379251699163012,32.43047065919975
76.60197741533419,0.34746231860027693,28.137653849752756
77.78957974219074,0.5957923274865397,31.485334102657028
73.58629635930761,0.35416228194046373,26.14292476388758
81.7357375476105,0.6387213393172393,33.05555724399994
78.57160611481268,0.5551254926474427,26.90616986488504
72.30717951732093,0.5080450939282635,30.470948315542994
71.28215649331075,0.495411283355004,28.219940986516626
70.22384109433604,0.5961573600402229,30.124280114936933
76.05700601785985,0.5471903647568295,34.487741040313296
80.10116127300098,0.47622096471371517,28.915094726324845
74.86511453113764,0.4617902631617959,30.201683828783526
70.49670152638384,0.4956069711065853,34.817478269148474
80.97544308314714,0.6361505975443484,32.48259019688858
74.47143278931036,0.4873008129496142,29.519585302340335
65.82807645149994,0.506459051000406,33.04018294344738
77.39008940185012,0.6265214293038738,27.22207698592921
82.8570928173833,0.5755154699467045,29.94415858777248
76.13125140311719,0.4949707353958761,27.83925951497136
77.20928334555576,0.6216353867940474,29.52463139408058
74.9281815428938,0.6291493685892743,33.661474897568006
90.8845386271775,0.7137581250750308,35.518357934702834
87.94616801436294,0.46174384405049307,27.67789074509217
82.21313818671466,0.44154056144328957,26.061347378469975
83.4452748589392,0.6114157946028017,27.714618097378033
74.10444692719786,0.47369343906395184,28.430099546331462
80.52706177160135,0.45468306583475604,29.640883208856042
74.6897583763258,0.5242397702712994,28.61729630612845
81.29252309191723,0.42725873849010915,32.221683295675334
71.74807321964839,0.6805931114023263,31.704268961145303
71.38677334006557,0.5339955013391899,28.794803385908832
79.6515336254734,0.45273429949960764,27.89540423333298
74.54824753213131,0.512981512730456,25.359886479020894
76.3436623893049,0.6948187414578562,31.200366873118178
66.75530771832346,0.7313407555279466,27.51487785356051
79.13503168004193,0.4320959791462901,30.35298523764286
78.5475429852229,0.5600023330322373,30.783003869022554
78.87566923129965,0.5843967770285554,32.55072673567099
76.01316299111801,0.5449964741695601,28.91027069680083
74.74115251941717,0.2842953956649991,31.595231307916134
71.75442109613508,0.35879059344614234,30.329668248222212
73.25520856722947,0.4995485084193433,29.98805509725497
77.63706230632232,0.33912637868060913,34.09175317272393
68.09362625944838,0.43759878509914407,26.421650883925928
77.58354944641783,0.36271689966440684,28.63216633054476
78.59823162219486,0.26249837115781904,27.724701759492213
77.77058011047329,0.5424903866549936,29.697867374870647
74.35793224468298,0.3676482349284968,28.34524109348943
77.97867224158169,0.5719137157953796,30.886416708331062
73.61812557342944,0.5962527290840461,32.870023974679924
76.11105652704518,0.4642997093105318,27.603150572032273
73.63690874373285,0.48948411715056406,30.594954869684564
69.85533228775297,0.3179867519076648,31.616297858642294
83.63912867662573,0.4592242427748843,32.12997275255338
71.21537515127413,0.5433669550280326,28.74661169918632
77.5605174882044,0.4068885478110498,29.802653549841875
66.99555599537746,0.5330732172489696,34.315953554196504
64.88403894262308,0.6161997408969578,32.38964703338253
80.64632209427393,0.49133579075211065,31.42982587498893
68.70592685065472,0.6512349417914558,28.543999524722153
78.17890893755548,0.40366261274425425,30.92991383573075
78.01955008377846,0.5511098030720958,32.24436359640674
73.82521115427532,0.3340713477053219,29.05591160171345
68.70458775321276,0.538904051641289,30.14532452871088
76.38950406269596,0.634458884184047,28.815482926396317
78.12708480534292,0.4373921419552005,27.63415308282757
69.27139982098433,0.40399691003121335,30.396681392479866
76.62131890841957,0.45722058746952615,28.637808096027584
76.88673840818151,0.46151656286091364,29.974741566729577
79.83764936804162,0.43327087614437604,28.686129886381124
71.9062327807483,0.506736595681209,27.840796905951446
72.61463708920587,0.5017677947656097,30.262615725670926
78.71868082390607,0.6397599306204161,26.12048284516423
76.6051252712563,0.4402505140163438,28.504920111668568
68.35892551462942,0.7115151610114652,31.078399404715665
70.35563231027092,0.7708104565922149,31.14950490839276
80.0580343198855,0.5566098336659796,28.596320195189996
74.66587806342491,0.6003380129857308,26.958859095830263
73.39308915490862,0.6800681743463615,31.78279362588329
73.91098586810723,0.44462311719986164,29.60031019607529
79.26478909518796,0.4971588082773706,30.738950166579087
67.89413612123217,0.40753467125418463,30.559816683729448
87.60623477414482,0.35711809073488604,30.33500184314977
76.8259871606633,0.31217923233304284,31.66710841498879
77.39397652881838,0.5112308557161944,28.07402835833273
73.69516187503149,0.5591575194709517,30.82086743638666
81.28378279538147,0.4044610860528825,27.922730771329352
71.75398455828339,0.6084002843235745,32.395699630436205
78.400604285498,0.7522645711942243,30.204374068926654
77.7313000229848,0.6810616266416266,28.589405432806625
73.44429759237808,0.5735416603188608,28.24042005157374
73.32229640378638,0.5409364906604653,29.83990118886115
74.1484656864946,0.4768532518566321,31.836992577277563
71.24251597488926,0.6158025386714949,30.059433707975007
69.93680291806922,0.47377820787909974,27.601460697534662
74.5992962292469,0.5607122855233038,29.976197135824492
72.81955976261817,0.5048035338189605,32.6780665162981
76.09328552199369,0.5425182245575937,28.962816657830516
81.69349134012194,0.5449544666373624,27.177716639185206
79.34107059723063,0.5642273234341717,28.57977611078811
76.26424436439743,0.36876360930714897,29.30847311792035
85.63726578214579,0.5294091678644154,32.180757845421354
67.50900000019062,0.49466954342653663,29.25706468336728
71.9524310334952,0.48003203922745397,31.105496059812467
71.57625537838747,0.5288101269497094,27.27950195627438
81.90475599099747,0.5213770192075217,29.416125644731224
72.02767527290548,0.47725893256713026,27.514552657121392
79.50893521559523,0.5729935101327346,31.921267401099847
76.67561498652036,0.5033597415981792,29.401829561475733
78.32779822670625,0.504176336606626,34.383011087672486
77.84937737425864,0.4743543203884255,31.5103664653681
75.27339855072528,0.5047901493569339,27.66709946079102
73.16999814497164,0.6493402470288185,32.25346067778163
72.93299632907298,0.43678385240512074,30.13939375998297
72.8389585748196,0.6131747310735627,28.577856678819334
74.51012065233957,0.41592467259885074,29.876395321361418
84.27659734791982,0.5485998432321944,31.529414788221278
81.38688518251763,0.5902210118696949,28.223340946318338
79.96938521320219,0.604165169110171,32.955987098421176
67.91133663028546,0.4111393405611306,32.08615364085175
82.40175657990766,0.5355436988213337,29.46237562906139
69.55745749756348,0.35145330818190296,28.760695939122183
71.11573653181453,0.42761132025406295,30.36703966134269
80.46968480679209,0.5876092892645974,30.880877594135878
75.88412859630687,0.46319053943796223,27.3668217525635
81.45905784588744,0.5555649840423199,31.71606919922688
74.38426888969266,0.5412966606977395,31.864399038838545
79.38000008722474,0.7728492763728563,29.127782605319112
71.30769093092884,0.5387365700830135,29.48621294880385
79.83079970660935,0.2984932385847285,28.451054802890184
77.3475677361407,0.5450660955254193,30.193857090997614
72.15233922024716,0.45353273343668443,31.102826592057312
72.6569081879982,0.5545324226006928,28.49540159918815
77.52150485487701,0.4803004885087668,30.886794944672847
76.57752194865574,0.2443812166547764,32.10688968579013
78.49193885305606,0.6070398489309846,33.41180383560918
74.11997783467922,0.6278515168258613,28.75059417496476
74.89706944645788,0.35729189480452156,31.06957771741608
74.98917702649977,0.6269086206841369,27.049346959644552
71.56834055242535,0.3887578469656131,30.041945045915146
75.8508732595182,0.5862786557396874,28.48875499994732
82.5427110796746,0.5072701401658928,30.164396907547744
64.22037164162255,0.46462270355383717,28.639594599706648
82.64120584590314,0.523277178884207,26.145546206881317
72.63978167703128,0.6179602185606076,28.593265925278843
76.3115381530398,0.2289822904785115,33.995052224491246
78.09797222646132,0.5615798896432663,33.434380709525925
73.4659556103902,0.43108902093741813,28.893962797374485
75.53414803510084,0.5894545771858577,26.651177506024528
69.44868702323289,0.6016341759136838,30.39125969090237
73.85142637770151,0.538622788914433,28.943677397253804
71.59193659080906,0.47419527496859676,28.212353786039408
74.23660836916994,0.5938592301481922,28.361319937125437
71.29468180645932,0.5189886374992744,29.3946736186897
77.4642650922317,0.40428737745530563,28.985319901127813
77.48508134976962,0.4466049941364777,29.49969329435098
83.39955073683034,0.4912448195156017,29.685582507252484
75.38708739741404,0.3682699612875097,33.22824489239894
69.32826728656582,0.5008438376252999,27.145307397977703
77.00495792399954,0.5862117299628765,29.366683928745132
62.209064413516245,0.4740745480644605,28.050751257610568
72.64954389172068,0.42037024589147676,31.896909018278063
79.28600220489723,0.4826404229290819,32.143680031980686
76.06256501046597,0.5375750995687043,30.273178929508415
78.21163809073316,0.5764729198895846,27.66211725531506
75.32560240244216,0.5157414874226526,34.22363630216673
73.15458451482546,0.6323351673747877,30.753433127441138
76.41052114765391,0.4621550206984182,28.0087042261892
76.37481875326888,0.4693161675058528,29.537138563909174
71.04901939985275,0.35451508176429675,31.587457950680506
82.59846972929026,0.5825161218650691,28.51346546584107
79.47188155285207,0.5731693738575897,32.312348807459514
85.19453157484327,0.459891487774476,27.608754506181487
74.69290924374616,0.38623505865564006,29.17038132857898
65.57016437370555,0.37647387228555973,27.998659739486662
72.77391161828137,0.5906936001029598,32.92704638822154
74.90621288132135,0.4347281138078634,30.00026447580359
73.26484563413638,0.5096742210682425,32.17202532696361
74.58291795478998,0.6793654246226246,29.01058760165644
71.83045331579316,0.4575994122989905,28.709902608569294
68.71082993600027,0.5432988607366257,28.37002800891532
75.63276626960324,0.5301763412741839,28.493872484210904
72.02821881670674,0.6040850955640671,35.26934135784344
81.93490665476001,0.5645653918802985,28.378882514288954
74.0527686576035,0.4729459477241837,30.314895484278065
72.21234541119534,0.3937281499786337,29.634636053351993
70.62484768459788,0.3234957027738427,32.42776587216152
76.47896201664663,0.5144379742171865,27.68046138789826
71.85943548731954,0.5349164226424689,27.796769692169146
77.06103845127801,0.4412786483233812,25.61595957086611
86.92869064800381,0.5763169540907406,28.3922873470399
77.80107440351105,0.5062794037529107,29.57748002138548
78.64511191249896,0.5362755235149244,28.852628812060825
69.09687307759656,0.360150332654454,32.786503365781506
68.18481308095758,0.47773321171556404,32.40234404468708
75.38001076531319,0.3912031530450207,27.999018752395223
73.99467272956885,0.38480701010874574,28.12516130207186
75.9187951269589,0.5526459836472244,27.973903193671717
69.11720443401748,0.5762430966810147,32.48774911908066
73.78050895903041,0.4375719248172654,30.356473024445123
71.1131714131314,0.5562312422445436,33.266574616180236
82.016023465439,0.4759439849187577,28.59446259901899
79.62293767858269,0.4270346589364424,30.85771123571641
67.85452558983775,0.5332171781734819,29.97715459253927
73.09236619290989,0.5817809901444896,30.54499232355174
76.3438694929269,0.3844245032025982,29.393118004530457
80.10081794396383,0.5705895042369349,30.147860694152417
78.03858750066978,0.4438177661306977,31.49850158109352
74.94726432071015,0.5680251536697639,31.568421633171923
77.03826623092841,0.43389346254273087,27.029204764374956
69.56542780659143,0.39888884008142167,29.07260643308621
79.69056097980408,0.5533778575674435,30.33034250763694
76.82588053626336,0.44482406236991096,30.0275791121083
73.25720465973899,0.5955616214489434,31.546801530095482
75.20941469217108,0.36655631501335567,32.64473275248613
72.81135789035176,0.33219531446854345,31.583395807209968
78.91647526822051,0.5041435139055045,31.173200169629755
64.44346552129917,0.4130693545561044,29.04197049859366
85.372475631998,0.38831586773728183,29.796195449119203
65.97933877369636,0.3453246594439875,29.17597299258594
76.677951007604,0.5321293809941738,32.260888705906936
76.34654449102206,0.6854290573799272,30.108655455598917
69.72620240860795,0.40346676399607445,32.201689015397584
70.31921490622113,0.5698145842467672,33.111049667394404
79.7133903051672,0.563467684769963,31.238809253351445
73.23852381875116,0.4330627881644636,30.244037160317195
68.50963339552895,0.24471952827159202,31.476764133440078
73.64597066610557,0.43952715706974227,28.326911282016148
79.32884849357721,0.35716728958693267,27.8769375306671
73.49273959608271,0.493371215350021,30.08869851005678
81.40752539365678,0.6405243795998221,29.480221755616355
78.52560130237192,0.4515310145633575,30.914653602994584
72.33551525544324,0.5188871653147762,30.010241570253573
79.1639432671149,0.525601639044169,26.101653437277243
80.42682382102842,0.6270761464031582,31.59608792370542
73.52462153107234,0.3669485526367879,33.52553972562037
77.40431611302444,0.5357062773426245,32.16926246770234
77.4018211401368,0.645064270260611,30.599438715502203
74.57302604654869,0.44220349431077577,29.26749446173579
75.71946113965335,0.38555221329752193,33.27926748859953
71.67288106758922,0.5651812417880913,28.927772709110567
76.22547483225702,0.4650627048333552,29.562822589596855
75.66604517916676,0.4933757063987011,30.714750932953297
75.50856264618709,0.5400772199736726,28.208641006648424
75.0309337113012,0.7178057954276617,33.75817818216231
70.65900857642463,0.5889787524322346,30.075798945863486
79.74047197238679,0.5994245449567615,31.52528624318066
62.11701521692071,0.6074228660520385,31.162765454877135
74.06013552949791,0.616614188746768,32.28515368966732
70.79362624484158,0.37066619260608874,27.289232630311385
69.05220681231329,0.5038879898687193,30.028133867198058
71.53392077131693,0.40131261350615044,31.937756404183595
75.57145602389527,0.5100355218734015,30.60776466640299
73.78162542749314,0.5774308779866768,29.13475068760802
75.44984916990116,0.5358512593484842,29.91343869013452
63.12043796583292,0.5599624428490857,28.568660434647438
70.87905598882759,0.6690290738213758,29.13024685958762
78.79624553903955,0.5513754322085406,29.995876486060197
76.39236720034984,0.44310809686936553,32.41396727562388
77.36055907801772,0.3575650964004314,28.10446271903684
77.03351651267351,0.4308421698071054,34.33222477875796
73.60986521651438,0.5376886539714817,29.735037133627042
64.86227402122114,0.4683192590642779,30.640563419860733
70.91696320525104,0.5076017483989089,30.87936818663217
78.14427977549434,0.6174208826674613,30.070616299455388
74.71233121590119,0.5696801631391543,26.733004492524213
71.56286959297259,0.5156598936002597,28.47255993492584
77.45236312482788,0.43809270695002767,33.60684054110113
71.04771994026618,0.4389726292454571,26.24822955485967
70.44558102337115,0.6033536576303556,25.52573587036052
70.10617019082675,0.4733249469990096,29.94106265126124
69.57408233890425,0.475998496245756,30.07373539741351
81.0476434137998,0.5444218738098587,28.459393055632006
72.64051722476634,0.48920510819119617,31.301133164028265
73.1683657685425,0.4427628562303209,32.79060165853072
78.56980217251773,0.3855764546331524,31.297912683585874
74.42046047917631,0.5253514911986333,28.518995110946175
75.02331005341995,0.4907440823433012,26.32825434013045
76.56927513242076,0.6121484585229222,31.040558057047708
69.12896871658768,0.554264838368541,31.11257217315231
75.90066906003186,0.4418022807697183,30.803919686463615
70.65336006483311,0.3408112162274955,33.20730569484666
76.76587454203681,0.5389871216845792,33.50245791499426
83.1611722347796,0.5072228377427934,29.47417413345382
72.7679599423847,0.5247148186722596,32.55390246154271
70.28207287063798,0.4703024574641555,32.59652495234121
84.58474639830744,0.5267920479165727,27.54056620887269
72.27765878224426,0.45425507222402095,26.753527963978726
72.66631464981312,0.5703380296346278,32.656942111800376
71.97829449018204,0.4844364569854645,29.519786256465085
76.78092161952551,0.606024855730955,28.59666050865666
70.51318571162032,0.5175993915730968,32.879281985090316
73.0423067127789,0.3930315107741037,28.487751948967098
80.27439499431807,0.5677958219730992,30.891615054568568
79.25406637670875,0.20827910943644343,27.431212247993194
78.32875271773008,0.42517326447233034,29.840655928045102
73.42742355556861,0.5509778190675615,28.206877282173778
72.6042176200429,0.6831954755430939,29.06727115028855
77.65571939278057,0.3987577641389578,30.192101345829865
78.33221393964874,0.4798757553072283,29.90459853416108
77.51368166164377,0.4847809359943733,26.439887580169092
74.05251147699823,0.5793278443612722,27.344167642379343
71.71446656430679,0.513872893409849,32.59917746531624
80.72350052313675,0.537587728977597,31.229313048621204
84.2831234620339,0.49687427285981633,28.968841586081687
73.6682999901567,0.42299554176477827,28.451724882415142
75.01024733686873,0.35727998182753895,31.554951753801124
69.32135130619751,0.4100304392791073,27.94550489387436
72.51725057322612,0.5872084151364502,32.70948395237815
70.68132170062752,0.5871536193322728,27.629941415009622
76.37673826460684,0.6377688333839798,28.977730444448053
64.62478455378942,0.480143554037801,31.007287017928483
75.78050711808176,0.49129789047763406,28.7910736614971
73.13289375930196,0.4474834400799227,29.768846427387533
83.12931183223719,0.4585117235757567,30.27186454752901
70.13318864009504,0.5151029250251034,27.717184336750947
74.85830235512066,0.4675430216103112,30.5165287314377
81.01167200849396,0.6637755693619132,32.466743552638334
79.04668185868768,0.4376332225700939,33.15962378452766
77.60101849967624,0.5397697891130003,31.954576176574683
68.88964332361327,0.5607058691989194,32.28443116827504
71.65616517074486,0.44203358221136907,29.98905132886014
76.84649157621148,0.475850558421778,27.59875035958474
71.34791834361499,0.6400886280782497,30.141143443631385
73.09894103427695,0.4682913146817415,28.961897968122816
78.71031186122768,0.47423412683664784,30.075601020049074
70.83623099732255,0.5010485287504823,26.696885787780456
75.28460138253936,0.7216739330991914,31.5933632317576
69.69424705376751,0.5130612167853734,27.211033040730662
72.52688121437187,0.5486681535429435,28.437655625912047
72.94678211890145,0.6082089990492422,29.40590331023663
81.89079888970775,0.34461922288011215,30.177971788593826
76.00087891169949,0.6401985161266295,29.084757412222107
79.69148292811339,0.22849425011312383,29.313749887622755
71.68606528584039,0.6210097039470619,30.034770879115925
72.43477036947083,0.5344166697502154,28.57058096532166
75.70425534686107,0.7304227362356986,33.57688281067618
69.27142868923512,0.6747718253656103,32.1484534102585
67.35354202145068,0.5706564208759191,29.709846583220703
62.89115849229357,0.5240412179698379,29.73708799680689
77.07226857499714,0.532444888553482,32.324493788707905
76.33693278321553,0.610007817278382,30.010793373757725
68.42416177963649,0.5275073587885376,31.20686890500181
72.60478574918552,0.5424652951411745,30.35530492197176
75.6078148263174,0.46869184524360197,29.79844765114813
71.58267365053797,0.4155847145359948,28.322623522414396
75.38135626194645,0.5150970011664846,29.275593559049657
80.68723894096317,0.22444032382837664,29.10822066812488
71.15178177352463,0.3892829142468468,29.615690980962665
77.25482805721444,0.4433218015013223,31.70442830380452
74.63687256957972,0.5148238773668652,30.601377624049437
76.37705051818007,0.33943745713466206,32.66128863886986
77.40577852437534,0.5813991782220593,31.80841097738112
65.20493639323509,0.4218609353960164,27.608772917079435
73.07262815729125,0.7209209416377321,29.351927963599046
77.25379689173985,0.6448235163579406,35.714263472728064
82.19054956204414,0.6939596198183082,29.32942010947371
73.85824654486902,0.6363586068426607,27.732747152494383
77.13708813668839,0.43574530344076967,32.574402499356665
73.99530336068281,0.4371347821407101,29.226855287666268
70.96072041953808,0.5984408453031353,26.45354919603354
75.49408028282332,0.5713885882293365,27.184400941128292
68.7899534917495,0.42422691283636066,31.488187959321838
84.57445169780341,0.4541953163983707,30.441830230898734
73.55400262687061,0.445274495075052,33.6611088962786
66.76008853050003,0.25025218220783724,29.891610345956764
77.20969885732444,0.5438193888384177,28.997128652335284
73.38173429155025,0.4905565178302716,29.03054550740619
72.18970425518873,0.38697696118880026,30.1123563969087
71.53396443998209,0.4538240619429714,30.165985862249773
75.74407475893105,0.5833255989246279,31.47056766016207
72.90198250336249,0.6486234476955135,29.823520187556365
72.3214994772838,0.2217906557124409,30.721884996106667
75.89619964017179,0.45445569607151365,32.74163964752228
71.25026797541207,0.4322667421289648,32.36797390652884
74.43949025889813,0.38995729400393736,30.563820634069753
70.50891438846433,0.35352570328286387,28.964062106259664
73.32557994276894,0.4477938003579301,30.746088938657458
64.7745058450513,0.48455129408599723,29.529664293377706
78.59019782143577,0.6001873461868453,31.389059249632577
85.35688368580531,0.5343744103687167,30.94633742656338
69.12343558871649,0.5761106922552599,30.24433240525586
77.61530050688454,0.45757146786451675,30.596737509689365
76.47543222948718,0.43633351527998976,31.470629459672484
73.03665666906188,0.5309334035564282,30.105706740914062
79.68509013971973,0.5565880500830301,28.756321270770606
74.92376070273748,0.47411625367255356,26.204271339026864
63.0159972600332,0.31667739751275314,26.04762821239125
87.07994496021612,0.5882828091362322,28.977482868185692
77.74934115082876,0.4985671932884941,33.46164446701454
73.30850916316449,0.5171098919975335,28.354743181951058
67.38785250130543,0.5923518779228799,30.559043849063784
76.6635019994479,0.38686334622668095,31.83732269414957
82.51727500844132,0.5059744011981088,27.54988873966124
70.11003785023443,0.5519528825602615,29.939329583303522
69.05120552492676,0.4483456892038591,28.52065605101507
71.31247031512943,0.4557717329582679,30.193467877078454
70.5108762865319,0.6372481359271538,31.15712377827545
72.45469808085157,0.4807615176403037,31.234219206117793
77.15349209286657,0.4021549874909161,30.72027244182515
71.57987596624041,0.3180881344461982,29.97300335615152
68.45000069223855,0.6682284122946036,27.831409033457422
76.66732711377917,0.5924998282878249,31.7979544826379
82.0820151200315,0.4119001480195321,30.527876532726292
69.13914175328354,0.5654311852736279,30.961037438451694
71.7819181430595,0.5701018940337121,29.998830889935988
60.961860664906894,0.47086741587417424,30.663835924225957
83.26854233469525,0.5838856376515162,26.61374684757256
70.8924188937667,0.5408000652613361,27.484180123185283
77.74607390610969,0.3090817689089091,31.28382807059242
74.25689079736063,0.4511811043671816,31.203195460840497
72.07668011895001,0.6113312480223291,29.955649956025923
74.41096784917598,0.3805364876487282,31.431331482430934
80.73036227805615,0.5822319232007185,32.747945109590674
67.70998884819036,0.5579104766846368,30.14280112406581
77.79032005039713,0.35539892930505507,30.636328649321992
83.51324381042566,0.5879931012790127,30.311304948209553
75.93050692339065,0.4517422318999953,30.854437025525602
78.22400187749383,0.533231251940314,30.021450239522743
76.3252792082004,0.6544112752278999,30.993105200275146
68.36908382535142,0.41805690469259416,27.166663247958173
76.68499401711252,0.6286225934174929,31.61171938221992
71.28044320777059,0.4990280119848151,28.127133463945178
72.79695564054683,0.6598222470092656,32.23375202244106
77.84810064282532,0.5785529885214569,28.34921042780649
82.96848544021599,0.5586405307106316,30.066488526452197
73.35129649278868,0.626610236410146,30.397351259929298
70.0672142147701,0.581944077268662,32.04249405481631
76.60254679415057,0.40611992145693493,28.787913148369256
73.83206567993138,0.33278906891711263,30.932269202581374
74.70567207370595,0.43494344464653206,31.34190210275282
72.65755305114965,0.5914666452703986,26.141530296855198
70.16065189362426,0.6278496633889312,30.501177201410005
78.43881058099684,0.5673815460356999,30.85068217536571
77.4625543573791,0.5443894970531481,28.758402983845052
69.4377715411186,0.39346001967789146,30.16036682286698
70.61470227201309,0.44140376784927277,28.564553232145943
78.40268378822505,0.5348259689220217,29.698018130697584
75.38065329832438,0.5411599800724253,31.198008132682364
78.07192198865519,0.5905281816726213,32.13364086244317
74.88469409073383,0.5702290492382112,28.223057002306067
70.54694372632444,0.5623146559822089,31.47886875615264
74.76268660396204,0.6169398598504416,30.613838533245097
77.91006236723813,0.4513070162031843,28.401917887663224
72.5986927264981,0.5362197446151461,30.46685302154475
68.78039705812651,0.46608136902416025,29.74995764706653
78.08647983159162,0.5385263717680484,30.76599690144485
74.21702648484003,0.4767643453169196,28.78112648023694
71.05202831369067,0.47167562429932264,33.5573342111765
71.46950467656107,0.4509291108685353,28.981011638707376
80.7286507045262,0.4125914482413242,30.167196457064957
73.64963807473157,0.6281884091815921,29.929987506787416
72.07489868174366,0.3519735511230238,30.186076640146972
67.3422432734149,0.4155748743905336,28.808555017162362
76.90780696099154,0.2973428745264975,31.421852183400638
75.33846555017682,0.351178335548681,26.463587239501134
82.50769371116141,0.586032650127802,32.971913538263365
70.31160737023542,0.5814942869256903,30.796722313410324
76.39045195558349,0.4795579546897186,30.561846739870646
77.92052648411008,0.42926640810098654,26.895882755657006
74.25966051581158,0.5397751414135095,28.888565379627238
69.69170645297737,0.5557901317405136,30.1235280316616
68.1120931057221,0.519061011376272,28.999866586569613
73.1064879657304,0.5189202496545389,32.98663893434659
74.28952644681684,0.4349294244157062,27.320692963372714
80.29473225383315,0.661376933018214,29.53711248480575
74.35093836465249,0.546862189079132,29.89507115598493
65.32678058544333,0.5920199817508794,28.640739090957435
70.85388163002827,0.35788191056441493,30.18250502704284
73.60034977377303,0.34418196893037833,24.29827845482566
75.71098187517048,0.6102623791571956,30.862594969176595
80.45263307743197,0.6142926465907511,27.03201172284518
73.31082525764069,0.43055127684254413,31.527331979248324
73.47463232279104,0.5792722785750742,35.40434241882991
75.29624050952171,0.6513542278198844,28.025201203204958
72.92295499654408,0.5393850800713422,29.782993497310564
72.15526018788366,0.6182933079360202,28.725316694289077
68.52522445687342,0.4970709718805255,28.116193427448593
68.06171906532332,0.4051409459284328,29.672574727590384
74.62634262008748,0.4935752748854905,30.755406848182613
78.56608644576629,0.5573746278908266,30.381485915090312
76.93604825509777,0.43448266950415565,27.933537403072506
80.17892597981869,0.4363893578259622,26.905511207105732
64.50066376669682,0.4458751686143969,33.872747188453374
72.00479083425085,0.5173537274106165,29.98237121529463
80.05230009051482,0.43569450021460426,27.969289105302735
74.09115536339065,0.3801934530522569,30.450785767858644
82.20140666273394,0.509686309850087,30.05653907482774
75.12478644329032,0.5720745522070272,33.97865620040618
82.40852276609463,0.43588656664996234,27.570864828149734
74.65843179892472,0.6699628673968159,29.957558840733878
71.47863910827365,0.45819718297300305,28.404735142077385
59.91104281723682,0.5167808565975425,35.64898124412708
65.62185054187391,0.44028874350807956,27.461827629849296
77.8965567668724,0.5300467041748295,30.36838158811571
71.4986363794605,0.5556352536426439,31.232691141296858
78.59635793595625,0.496627414468042,33.34411222226612
85.39779218489144,0.512391509868113,29.99779919943197
82.18062253069517,0.4321770664706077,28.888226356144074
72.7892119441778,0.5052408573079522,26.924292105057887
66.47976711256753,0.5588303656891683,31.10199595614411
73.62479757155639,0.44415487187977815,29.497570028931754
73.50631340480948,0.4687308539525476,29.211851376583038
78.52179636721335,0.4641538531617609,31.63160103683966
74.95382319465322,0.4824215872764473,27.81436695092325
76.58690403461935,0.3911222357304953,28.45090625203564
80.24276291781061,0.42931469800744837,29.73276706053084
76.66790504744986,0.485388444892439,28.47278846636959
79.46308615372165,0.3227284569709045,31.144749130786863
73.62938226451423,0.5400917921062962,31.718919919263026
90.30130927754082,0.5579194490137516,29.996851491611224
68.80488094274044,0.45332407612414244,31.653605418093367
83.92028471125225,0.6491719233660179,28.25853369560747
75.96445666149583,0.42855895468591865,28.834489457722594
79.81370154206671,0.5186779200491125,31.800632312300134
68.09032602537623,0.4763259169404135,30.045852104038033
75.28826097831207,0.5366063011257896,31.14518378342861
80.16777977390886,0.5803592299278885,30.732212720037822
66.70381933139117,0.5607075097663942,33.391741477981306
65.41485346937495,0.6070522106830238,28.004982956099276
66.49471312955373,0.5948409319570448,30.004853175592643
68.41647660366877,0.4563027551321337,32.354917071487144
74.49995002107066,0.4884780251971188,30.572516120981085
76.45960843086685,0.5285535785912109,28.33956933747549
74.72425255624634,0.4325875184583846,29.009050286398228
69.78035073256888,0.5494872031165545,31.39284269085215
67.07534281795485,0.47743099785722504,29.738464320930913
73.23816977124058,0.5291892513513237,30.01598336100338
76.24855393969179,0.5340902371236049,27.649649616726805
68.13799447624385,0.5092193866878509,28.057681930808595
67.2129785297369,0.5076069720684616,33.24601353447953
80.34777186820672,0.6777077091312859,30.245741738708418
82.60080080311752,0.589549369672902,31.085226664669833
64.02210219225272,0.5006056309234894,28.03070388470784
73.2371153236149,0.4710628041834432,29.35673038038864
66.48561778093355,0.5754637791220226,27.941186779405
72.68090263154262,0.5466991100176716,29.472169850305217
76.50834780712243,0.5275340115468387,27.98395348033376
70.81185344613577,0.6498910059998471,32.629175703303886
79.25952485197048,0.3538497895958233,32.09387222751341
71.7785804355085,0.4680033236797367,29.390719764395104
74.70475734171299,0.40142551370051655,30.870210656469617
76.94384018892494,0.3654066237730347,26.851996672668523
83.72592498753728,0.47344165367676877,31.053791196842855
75.57457952207116,0.50789806327571,28.184629439204116
68.24591003428233,0.2536159883863621,27.254054357001888
72.61744111339142,0.43744223369738067,28.938949895938393
76.255870283853,0.11826344009301899,25.586299801525982
79.00989994775786,0.6446772867029842,29.142846668278757
79.46236283030781,0.44214474116277214,30.764641320741774
76.07587366959393,0.4539018624018521,28.24940481674069
78.274089652075,0.5657788081624058,29.29389973009833
81.02152588371865,0.7375581330499891,26.924379816545777
76.35943765783355,0.48184728071945576,34.34396488703329
72.78728187693778,0.44959373861757196,30.042565927779204
79.74795117347036,0.471055744608059,31.7769632355194
83.99267856623034,0.6733784714435556,29.712556200475742
73.57122268897294,0.4766120068370599,28.246251779593152
75.50745279712694,0.5838799714895556,31.955472706062668
78.07792704887967,0.44928979104088335,29.199386868577704
68.31215800818791,0.4673228430021001,32.2052590165563
71.96397407867451,0.5847846010106579,30.567469883796747
74.27319159120432,0.4354270314005177,30.54686977628912
72.83462784180486,0.7636743191515075,33.46352700729184
72.3741577960684,0.6529310474864525,29.90368172004338
73.1653131602638,0.336414663082739,29.877126046186667
82.58473767570445,0.4617505664069949,28.69073632052126
80.49012637017773,0.4502196587815192,34.16214292514791
77.07728650223642,0.6150394563331394,30.68332506269017
71.29555671463284,0.6131497971581042,34.005328900082105
75.51549898513841,0.667376116277569,28.263581090388367
64.7658792107432,0.5450805090341903,32.90596831397872
71.14277148966374,0.5295128391093384,33.98190027402109
76.52778703150234,0.37634083361178006,30.6797027989893
83.2446016856417,0.49699571934664394,27.62675662675393
73.29197741996549,0.4730450936746594,33.14947450682267
76.03039127896942,0.4872473166195628,24.401326091812912
62.283982191811916,0.3788509812575054,28.52408681423544
70.9272968396323,0.6825969329454366,30.174279219279352
83.59904228615979,0.2353129269934215,25.576684386735103
77.05432176272639,0.43194944323081724,27.815533382412152
81.21562939116608,0.32254566794071315,30.057992950980108
73.93863222721748,0.6537166427942236,30.575065385331975
79.37203605515987,0.6183363502875598,28.968720695433557
59.2541227471034,0.5832650758474814,32.16729070549696
72.01899026036378,0.4813267544162056,28.592317920837324
72.17151781918625,0.5403379801129193,33.16767276581423
74.94943810009059,0.45523207447437014,33.95269885603666
78.9990742561939,0.3453191595149692,28.933794810541183
80.0215236713458,0.48800494424283686,27.656771446527927
88.10067737430685,0.6222757237963579,28.877553208920457
72.07832877793383,0.6017849138859623,28.419072755109546
74.30990206367875,0.5899498410339435,26.20277306278704
78.65566295943027,0.620405300319988,27.74582878667876
71.2738234720406,0.42066631255031256,28.896176301814183
77.98976271393327,0.5601258251486609,30.502170550238883
69.86648663943647,0.4311342525492984,29.29113264094543
73.78223997520848,0.39075605307998634,30.18520962056034
82.26235358240812,0.5336079809659119,28.558795689758437
70.61935217983161,0.5550162899081537,30.600861467178905
76.765964781237,0.44494262213873154,28.69794699976929
77.49839250274736,0.6241069787806341,30.042995630078703
81.76674488224238,0.467026969821018,30.641920078910182
79.00708442606002,0.5547705827890692,28.747215261323024
76.87483885317411,0.456576947276778,32.00785404226886
76.22007639032704,0.4823940601000655,26.934500099922978
75.24612066791933,0.44412796171071434,28.16621803925979
69.25839990377838,0.5465715512950355,31.644750241827772
74.63086786316345,0.6098404230007574,32.18649835443292
64.84553037500316,0.5568543704664268,28.810421576339852
71.06994126684232,0.6234219034976369,28.545961545173128
64.15131035268757,0.564138920958011,30.589848332333286
82.91925271601858,0.5224125775893758,32.643049944667396
75.40034534957161,0.48684599070848833,28.228589904556657
75.36204609681796,0.625705694353798,29.521555429315228
72.69474311971264,0.43035341866417354,28.258440555076866
76.40937279892096,0.43122525911208576,27.87816950352255
80.33640474930996,0.4478265758983265,27.228496126247194
69.14884255779906,0.6162472802357463,32.17404260586583
72.3987892207898,0.5539607791514064,32.06009430428176
79.9975958876655,0.45134946339369036,29.931784026138246
71.62341908461303,0.46617893032785207,30.714166616937295
81.15326555142674,0.4149513439596515,31.61547040131427
86.22472142597069,0.5632578533635872,28.36000406911048
67.21133639302177,0.6725723429027576,27.180441885864848
76.80115875844122,0.44057479971553815,34.20940122682147
80.02890667770194,0.5701681817496674,27.697246700828337
72.63201266627385,0.4958283799681001,26.947657585105105
71.2549193710674,0.2589144037143943,30.982123616509217
72.92267258839463,0.5808896693303917,29.662012541303678
70.30829237047882,0.2969156684631754,28.590570602109025
79.24085856943736,0.3029796181540189,31.12360082943205
79.95604110633036,0.686988172086865,35.470333359728365
61.678635309883404,0.390161459643546,28.982097696301924
80.37548801905398,0.581545098133722,26.70337810648477
67.27028882700301,0.4499195164533646,31.11485355800113
81.50942866154172,0.5737481190848187,29.95265062851873
71.24946164600271,0.3837479810403739,26.679505950429725
74.58294613285855,0.3049800902265917,30.082145921833195
74.84056770333999,0.4159619983263376,27.88750910366563
83.62467911757345,0.4501873332156559,32.703787709712785
59.456731195035665,0.42903606148975115,28.240963174933714
78.44104967115854,0.4538161111100446,31.110803999218405
73.75193155561375,0.6436053649016918,30.323800986406255
69.15126411195249,0.5742127516798341,30.159957677316697
73.32462869454694,0.5554849202585367,29.09545538545332
75.20422102471329,0.42871421886157607,30.090276307450477
73.72474327488875,0.6425902797847468,27.3685627560553
71.60879559319007,0.5451736592427068,29.247700020216268
68.5304032398035,0.44548619649597937,30.03371805119474
76.56291198578037,0.5734308576844626,33.419557634376076
75.3205450499824,0.52459304909617,30.80793843387794
68.63178700212129,0.5991916393161342,27.17536364566192
68.11021905712303,0.4683428747418822,32.66658587546614
75.91949812042489,0.5956090262408489,26.68500970648422
79.91990612726794,0.42341967731906655,29.677868106031795
74.16343698784159,0.6306388987281971,33.22889893642593
82.29375527426818,0.3720184760735801,28.500710545422187
72.3970619000136,0.5409222159257254,30.55365747983079
78.60835185288883,0.4997734689391041,30.626867410140296
73.57977490798905,0.4933427358353338,26.046950014284104
80.0244999275595,0.39979146693309886,32.602795729300404
72.18580774928488,0.3760978826326686,31.649349508897547
76.04308723475262,0.5331765722212576,30.33977136792735
67.88152795094143,0.43070150694736997,34.545666757258104
70.87847699196274,0.5750014966702873,27.55214028190204
76.05629999291283,0.6625014382308994,27.240070772941912
68.4452072916687,0.5599166765769933,26.86948997555421
81.10239562672196,0.4999896800674592,32.70370622099084
70.88288428543832,0.5810149018236294,33.43723781290667
78.94808739188522,0.4995088849265245,28.779026179360077
76.70732601364483,0.4719095226989779,29.675874300180205
82.61827313491315,0.47956186013156227,30.420710717737546
76.20299297390919,0.3345594307424125,34.09088733559033
78.76379913881289,0.36668766101093764,31.37328904921949
73.02696912273097,0.5122647994660984,29.639174106898828
72.09413050620658,0.42018219151401986,29.811233760945484
71.29152181825879,0.49026466256060197,25.51108860494388
67.25206733811979,0.5977543116159468,28.424856014383224
72.93807613102494,0.700249787571242,31.40247834811529
79.3239978472316,0.5549554462970574,29.747432318787553
74.58416282636065,0.46223384874791684,30.482082106566363
81.85497067112077,0.3859335724951412,29.77376447410562
78.09763289146436,0.6499949396316319,28.2073160695427
72.8376608423408,0.42468712191206215,29.21511561555099
76.64058287521736,0.6219673033067821,31.299140307980192
73.60047212999245,0.38133264461226085,29.707407627583162
71.11416838466154,0.3879603989025961,29.444697225383567
77.6413402516966,0.6006354922314721,27.722717762337844
69.23910259556881,0.4345369733786693,30.051229910402256
77.43196876790289,0.5524545881036763,31.525118729202724
81.02520344070723,0.5804222435913847,31.106905308447203
73.97964241900702,0.38928094549432174,27.972404437671962
76.4936691873789,0.4583251149258699,35.20325354663208
75.0433996331587,0.44191426338788775,29.13356414671428
71.1984544970169,0.44675460246966325,32.175994312029204
75.66329927649335,0.5919587897255908,29.93635888081947
75.93782710601693,0.4427447138394773,28.37608511702346
77.91377172310747,0.3778545434009301,26.727663772045073
76.64654435061887,0.2619387912741295,34.56096685220975
62.38483543088495,0.48145359106616287,30.092966555578666
70.7813295737657,0.580059372197244,29.263077497210634
71.02799506486915,0.39651604809346713,35.35934339593984
68.06187322265147,0.6830037985610314,30.537029744238414
74.36958778050706,0.6480606301000551,29.193109322766112
79.22048043391923,0.5039415966861506,29.69810477376401
75.65554033562223,0.5575874959459836,31.121403134373338
80.2779629100942,0.6577380405969665,29.356338149317075
78.7248854668976,0.5531974323247126,28.523286725039227
82.14031532597261,0.475690886988006,27.4677482537241
73.62835133469778,0.45612361431769005,32.55540853457551
85.92501644530772,0.4776790434715384,30.69998477353456
75.79462503518837,0.4404829660954359,33.19992174412847
69.22661100284003,0.5019235513137019,25.701185042537077
77.059955089201,0.4747161071933652,29.31401787622743
80.2286593478856,0.49600954109220213,29.435442665674014
71.078625115785,0.40376928005661616,32.19123997039807
79.02541894777188,0.5356464789211108,30.50374497979726
72.60036232588963,0.4970906540408934,27.821874833657212
80.17752515383617,0.47705794112719674,29.11732243097059
74.273377075645,0.5906841554830887,23.52279999928871
81.95237335276857,0.43443534315659316,26.825958028948193
65.051618142505,0.3435688605226095,28.880013399067842
72.364387573541,0.48360880777893545,29.742947906888322
77.96346363618879,0.4761349734454487,29.01347977466898
68.41582074842137,0.5245858331885972,30.35317653623138
72.40274042291898,0.4563194684054227,31.10649490535358
82.75425301310908,0.47130516814709233,24.057504954100654
79.70651230020532,0.4333804385643712,30.77997273437637
69.81130967800662,0.3549276205513328,27.80682048257413
86.32260228565178,0.5000583206010136,26.35737217233588
73.09623394754847,0.37926323301097725,29.703241056218058
77.84070320513203,0.605240255500932,27.515844290451323
78.57174450817735,0.5517704964771608,30.464751126450928
71.11253373769301,0.4560328261295878,31.220720328240482
75.44063924627791,0.6797003118709435,31.985553010025775
81.54763086019246,0.5296347611319764,29.341854830097457
73.06879953622324,0.5410816572677746,29.559700814571148
73.56633231109174,0.4038403478602418,25.335965433959924
73.9146607209717,0.5433132458670487,27.005889054202044
69.16955189904971,0.4152260113784114,31.941727118748513
75.98200906032632,0.3737309483317537,29.593837146630847
79.45217469497265,0.4995768397859822,27.287534935926175
77.23468920564576,0.3576807102615121,30.562906926136872
76.75081936048682,0.5971075450745545,26.672809055617186
81.03842469679863,0.4068577047142621,28.15792488358509
75.80473220228298,0.3985911560881078,33.36752640288844
77.6702119892334,0.44131434744907716,29.018905891362405
68.83586214397656,0.3380165042298337,31.35411562803562
74.82576681031401,0.39216827758158934,27.009579069917503
77.66019286822542,0.5071224285714759,30.56462333344887
65.32973301458088,0.5705627803055461,33.446242701646895
79.46106556036041,0.4423774380426002,28.4710217795323
75.90945501271898,0.5695664930344015,27.084285204638995
76.05234552541616,0.7096808037512669,31.130290265195608
77.56176857014961,0.44083355034782407,30.89592765140523
65.41404286065955,0.4956081492404815,30.85518561131808
72.71076477146829,0.6378110972606817,32.41844627896001
72.04897460939256,0.46366626316811477,29.280357519982147
82.81750642347932,0.32240566169329654,31.20673110910814
74.85155195008879,0.4445459925588258,33.06151921456301
76.16625066374897,0.4240459287379268,33.63829132352803
80.11413133093204,0.4549803278069006,30.752714062522767
83.59106940042895,0.5501773839560153,28.82190415535558
77.1983187834112,0.4120657338979657,31.49464899361604
74.81052433502036,0.6514365467637679,30.954059661302733
74.68011369216016,0.44880708462616964,32.558385381187236
76.30913309613867,0.4843358304672274,29.72799543004439
77.9297949065345,0.41678463760831796,29.563965966320225
77.06485030167475,0.3848352909173023,27.713358864974257
80.22803819452669,0.37523577008824366,30.610234263907312
80.6730964559675,0.2876317875951951,29.28586646008649
67.85347027568825,0.5507247829908889,30.407120033782498
76.14403925892118,0.6107381133318559,30.260826573339568
68.09523645536053,0.5172051450366715,30.26005383123659
79.6311878821632,0.3758584235160384,29.815158972301557
71.88204294109659,0.30024777867678676,27.295360338307763
76.96998410991996,0.5501766794200609,30.797061203289616
70.12605164588446,0.5194775305456889,31.86672673770117
75.37275172155279,0.43551199900967846,28.20319201511528
70.78111161372492,0.49997155400707893,31.337658581696175
76.82968733244368,0.378788835901235,32.90886381308614
74.71473496397773,0.6071341763010117,29.41830874399073
64.23319686823773,0.4932612921968578,31.204993404964693
75.55327979428363,0.6523732634228424,29.728217493074037
77.30912619373485,0.5718653330825795,30.63560993934668
83.07432783723318,0.5757178535272259,28.57614710561487
84.51198197271022,0.3799884699416876,31.85158940107803
78.03978615030948,0.499025094788925,30.15122798439667
66.77470600442557,0.48282059644684727,33.27709132030195
77.99090370926447,0.37713223915075916,31.72723272480877
78.93981987694396,0.3772284092218811,31.23761059392836
80.2487314096397,0.35372796029953985,28.489129225757704
71.2155614892046,0.5295304213880796,29.322390413348238
71.1622887472803,0.4939972926465902,32.090633093240456
64.14614773181293,0.629783717483112,27.701663191241543
81.25657144447761,0.44159968973306124,34.3170345180862
70.10320150991225,0.5721572608049662,28.64774020644374
79.91581726075857,0.42244000224570366,28.92877273717954
76.8474720903158,0.4171152297393998,32.73734293294258
85.28001345089855,0.6925838318888855,31.979429916699996
76.31787026233299,0.6185525255276382,27.362895944925725
69.73484050956954,0.48728324985059845,25.958104169485225
64.49065150517865,0.7066346167409232,30.195358569379238
83.93526289793,0.3813010581115433,30.750324907780552
74.50461388575742,0.4234265076105263,31.70712764856964
69.51753913538062,0.5102185350862632,31.887295151456303
78.12803203748967,0.5905050845568452,28.987763976237343
71.27587498185109,0.500629815501374,28.960927056317235
81.5071740822446,0.5231273115611156,29.58336645047554
73.0692353885724,0.4667440879930304,33.200879787526794
70.15327485911979,0.4575087432017601,34.18798549258995
74.11949221362822,0.5644486095199541,30.129596617810943
77.02407783081907,0.5320114498178343,28.083517917705677
71.44407931001238,0.3212163447278787,31.33489496075539
75.43544495569199,0.7102414777691693,29.48945310833713
71.54012099185046,0.3757706789532042,25.359310356493545
71.67379584500688,0.4806563722449411,33.65292147576968
77.38734250651613,0.6024702921654188,28.71005978576297
77.23207120463285,0.406267159139579,31.85503206086448
75.56939241645406,0.5643041736156288,30.510298986414327
74.74769956247337,0.4051650904567607,29.63791213793592
71.13559404702531,0.49277440601208466,31.243686890004366
69.03654355525379,0.6628042152969758,29.140574084389108
70.34193172076088,0.4157675792208453,27.837600933289327
68.2454385807509,0.5752752823304429,35.92010024990171
73.03508927139725,0.41146546432706976,29.087124665710327
69.53466572430403,0.36022404597758373,26.549428388179603
79.84321195495055,0.5021892504880171,32.43501548813615
76.62786530978642,0.7776824516077754,28.74659861759383
